1,0,FHD 1080p,Kami Nomi zo Shiru Sekai,12,0,0,12780605656,1,Kami Nomi zo Shiru Sekai,,Kami Nomi zo Shiru Sekai II,,2014-04-03,Fall,2010,4,44,56,,KamiNomi,,1,0,0,0,0
2,0,FHD 1080p,Kami Nomi zo Shiru Sekai II,12,0,0,9697671057,2,Kami Nomi zo Shiru Sekai,Kami Nomi zo Shiru Sekai,,,2015-03-15,,,4,43,54,,KamiNomi II,,1,0,0,0,0
3,0,FHD 1080p,Kampfer,12,2,0,9027296173,1,Kampfer,,,,2015-03-06,Fall,2009,5,2,51,Coalgirls,Kampfer fur die Liebe,,1,0,0,0,0
4,0,FHD 1080p,Kiniro Mosaic,12,0,0,8104821238,1,Kiniro Mosaic,,,,2015-02-28,,,4,42,45,FFF,KinMoza,,1,0,0,0,0
5,0,FHD 1080p,Koi to Senkyo to Chocolate,13,0,0,19552073210,1,Koi to Senkyo to Chocolate,,,,2016-02-27,Summer,2012,5,15,7,FFF,KoiSenkyo,,1,0,0,0,0
6,0,FHD 1080p,K-On! Movie - Eiga K-On!,1,0,0,3160175258,0,K-On!,K-On!,,,2013-01-25,Fall,2011,,,,,,,1,0,0,0,0
7,0,FHD 1080p,Kotoura-san,12,0,0,6097715390,1,Kotoura-san,,,,2015-04-12,Winter,2013,4,44,24,Hatsuyuki,,,1,0,0,0,0
8,0,FHD 1080p,Little Busters! Refrain,13,0,0,7391556278,2,Little Busters!,Little Busters!,,,2014-04-08,Fall,2013,5,7,56,,,,1,0,0,0,0
9,0,FHD 1080p,Minami-ke Tadaima (Season 4),13,0,0,8893366380,4,Minami-ke,Minami-ke Okaeri (Season 3),,,2015-05-19,,,5,6,36,FFF,,,1,0,0,0,0
10,0,FHD 1080p,Mirai Nikki,26,0,0,32872296460,1,Mirai Nikki,,,,2013-03-10,Fall,2011,10,36,32,,,,1,0,0,0,0
11,0,FHD 1080p,MM!,12,0,9,21496101847,1,MM!,,,,2014-04-12,Fall,2010,5,2,4,,,,1,0,0,0,0
12,0,FHD 1080p,Mondaijitachi ga Isekai Kara Kuru Sou Desu yo,10,1,0,8081890097,1,Mondaijitachi ga Isekai Kara Kuru Sou Desu yo,,,,2015-02-13,Winter,2013,4,21,13,Commie,,,1,0,0,0,0
13,0,FHD 1080p,Monogatari Series - Bakemonogatari (Season 1),15,0,0,13564258520,1,Monogatari Series - Bakemonogatari (Season 1),,Monogatari Series - Nisemonogatari (Season 2),,2015-04-23,Summer,2009,6,19,18,ANE,,,1,0,0,0,0
14,0,FHD 1080p,Monogatari Series - Nisemonogatari (Season 2),11,0,0,11465605176,2,Monogatari Series - Bakemonogatari (Season 1),Monogatari Series - Bakemonogatari (Season 1),,,2015-05-12,,,4,20,52,Coalgirls,,,1,0,0,0,0
15,0,FHD 1080p,Natsuiro Kiseki,12,1,0,14553369461,1,Natsuiro Kiseki,,,,2016-04-24,Spring,2012,5,3,53,FFF,,,1,0,0,0,0
16,0,FHD 1080p,Nisekoi,20,1,0,15850016027,1,Nisekoi,,Nisekoi Second Season,,2016-02-28,Winter,2014,7,39,38,Coalgirls,,,1,0,0,0,0
17,0,FHD 1080p,Nisekoi Second Season,12,0,0,9392851902,2,Nisekoi,Nisekoi,,,2016-01-24,Spring,2015,4,17,25,Coalgirls,Nisekoi:,,1,0,0,0,0
18,0,FHD 1080p,No Game No Life,12,0,6,33467813443,1,No Game No Life,,,,2016-02-13,Spring,2014,5,4,9,Coalgirls,NGNL,,1,0,0,0,0
19,0,FHD 1080p,Non Non Biyori,12,0,0,6892821396,1,Non Non Biyori,,,,2014-06-05,Fall,2013,4,47,35,,,,1,0,0,0,0
20,0,FHD 1080p,Oda Nobuna no Yabou,12,0,0,13289369158,1,Oda Nobuna no Yabou,,,,2016-04-15,,,4,48,58,FFF,,,1,0,0,0,0
21,0,FHD 1080p,Ookami-san to Shichinin no Nakama-tachi,12,0,0,4818218700,1,Ookami-san to Shichinin no Nakama-tachi,,,,2014-04-15,Summer,2010,4,44,12,,,,1,0,0,0,0
22,0,FHD 1080p,Ore no Imouto ga Konnani Kawaii Wake ga Nai Second Season,16,0,0,13273149341,2,Ore no Imouto ga Konnani Kawaii Wake ga Nai,Ore no Imouto ga Konnani Kawaii Wake ga Nai,,,2016-01-27,Spring,2013,6,32,56,Coalgirls,OreImo.,,1,0,0,0,0
23,0,FHD 1080p,Ore no Nounai Sentakushi ga Gakuen Love Comedy wo Zenryoku de Jamashiteru,10,0,0,12915404039,1,Ore no Nounai Sentakushi ga Gakuen Love Comedy wo Zenryoku de Jamashiteru,,,,2015-04-15,Fall,2013,4,5,55,FFF,NouCome,,1,0,0,0,0
24,0,FHD 1080p,"Ore, Twintail ni Narimasu",12,0,0,6604812827,1,"Ore, Twintail ni Narimasu",,,,2016-03-07,Fall,2014,4,13,32,Coalgirls,OreTwi,,1,0,0,0,0
25,0,FHD 1080p,Outbreak Company,12,0,0,9060174840,1,Outbreak Company,,,,2015-04-03,Fall,2013,4,49,50,Doki,,,1,0,0,0,0
26,0,FHD 1080p,Princess Lover!,12,0,18,12054018540,1,Princess Lover!,,,,2014-04-27,,,5,57,38,,,,1,0,0,0,0
27,0,FHD 1080p,Puella Magi Madoka Magica,12,0,0,10050331879,1,Puella Magi Madoka Magica,,,,2013-04-02,,,4,55,58,,,,1,0,0,0,0
28,0,FHD 1080p,Puella Magi Madoka Magica Movies,1,0,0,2513965439,1,Puella Magi Madoka Magica Movies,,,,2014-12-05,,,1,56,38,ReinWeiss,,,1,0,0,0,0
29,0,HD 720p,Joshiraku,13,1,0,3849568040,1,Joshiraku,,,,2015-04-29,,,5,35,52,gg,,,1,0,0,0,0
30,0,HD 720p,K,13,0,0,4289938905,1,K,,,,2013-08-01,,,5,17,35,,,,1,0,0,0,0
31,0,HD 720p,Kaichou wa Maid-sama!,26,1,1,8450070047,1,Kaichou wa Maid-sama!,,,,2013-08-17,Spring,2010,11,1,37,,,,1,0,0,0,0
32,0,HD 720p,Kamisama Dolls,13,0,0,4616293384,1,Kamisama Dolls,,,,2014-07-20,Summer,2011,5,9,44,,,,1,0,0,0,0
33,0,HD 720p,Kami-sama Hajimemashita,13,0,0,4261331962,1,Kami-sama Hajimemashita,,,,2013-03-25,,,5,14,55,,,,1,0,0,0,0
34,0,HD 720p,Kamisama no Inai Nichiyoubi,12,0,0,4442742278,1,Kamisama no Inai Nichiyoubi,,,,2015-04-17,Summer,2013,4,44,31,Vivid,,,1,0,0,0,0
35,0,HD 720p,Kami-sama no Memo-chou,12,0,0,5788975826,1,Kami-sama no Memo-chou,,,,2013-04-01,,,5,7,42,,,,1,0,0,0,0
36,0,HD 720p,Kannagi,14,0,0,5018873005,1,Kannagi,,,,2013-12-26,,,5,4,16,,,,1,0,0,0,0
37,0,HD 720p,KILL la KILL,24,0,0,12416450410,1,KILL la KILL,,,,2014-08-17,Fall,2013,9,45,29,,,,1,0,0,0,0
38,0,HD 720p,Kill Me Baby,13,0,0,7241097661,1,Kill Me Baby,,,,2013-08-06,Winter,2012,5,13,39,,,,1,0,0,0,0
39,0,HD 720p,Kimi ni Todoke,25,0,0,8087379115,1,Kimi ni Todoke,,Kimi ni Todoke 2nd Season,,2013-08-22,,,9,24,16,,,,1,0,0,0,0
40,0,HD 720p,Kimi ni Todoke 2nd Season,12,0,1,5703465871,2,Kimi ni Todoke,Kimi ni Todoke,,,2013-08-26,,,4,51,15,,,,1,0,0,0,0
41,0,HD 720p,Kimi no Iru Machi,12,0,0,2802892114,1,Kimi no Iru Machi,,,,2014-05-18,Summer,2013,4,7,57,,,,1,0,0,0,0
42,0,HD 720p,Kiseijuu - Sei no Kakuritsu,24,0,0,8174459847,1,Kiseijuu - Sei no Kakuritsu,,,,2015-08-08,Fall,2014,9,8,54,Underwater,Parasyte,,1,0,0,0,0
43,0,HD 720p,Kiss X Sis,12,7,0,7783211114,1,Kiss X Sis,,,,2012-11-14,Spring,2010,,,,,,,1,0,0,0,0
44,0,HD 720p,Kitakubu Katsudou Kiroku,12,0,0,4075620960,1,Kitakubu Katsudou Kiroku,,,,2014-07-06,Summer,2013,4,45,25,,,,1,0,0,0,0
45,0,HD 720p,Kobato,24,0,0,5486616265,1,Kobato,,,,2013-04-26,,,9,47,54,,,,1,0,0,0,0
46,0,HD 720p,Kokoro Connect,13,0,0,3884499924,1,Kokoro Connect,,,,2012-12-23,Summer,2012,,,,,,,1,0,0,0,0
47,0,HD 720p,K-On!,14,0,7,5053981140,1,K-On!,,K-On!!,K-On! Movie - Eiga K-On!,2013-10-18,Spring,2009,5,56,45,,,,1,0,0,0,0
48,0,HD 720p,K-On!!,24,0,3,7894452816,2,K-On!,K-On!,,,2013-12-07,Spring,2010,10,52,46,,,,1,0,0,0,0
49,0,HD 720p,"Kono Naka ni Hitori, Imouto ga Iru",12,0,0,3099970850,1,"Kono Naka ni Hitori, Imouto ga Iru",,,,2012-12-02,Summer,2012,,,,,,,1,0,0,0,0
50,0,HD 720p,Kore wa Zombie Desu ka,12,1,0,5296543763,1,Kore wa Zombie Desu ka,,Kore wa Zombie Desu ka Of The Dead,,2013-08-03,Winter,2011,5,21,22,,,,1,0,0,0,0
51,0,HD 720p,Kore wa Zombie Desu ka Of The Dead,10,0,2,3761255977,2,Kore wa Zombie Desu ka,Kore wa Zombie Desu ka,,,2014-04-02,Spring,2012,4,57,24,,,,1,0,0,0,0
52,0,HD 720p,Kotonoha no Niwa,1,0,0,1445683409,1,Kotonoha no Niwa,,,,2014-09-12,Spring,2013,0,45,51,,,,1,0,0,0,0
53,0,HD 720p,Kyou no Asuka Show,20,0,0,940589673,1,Kyou no Asuka Show,,,,2015-04-18,,,1,0,2,m33w,,,1,0,0,0,0
54,0,HD 720p,Kyoukai no Kanata,12,0,0,5365959816,1,Kyoukai no Kanata,,,,2016-01-24,Fall,2013,4,45,49,,,,1,0,0,0,0
55,0,HD 720p,Kyoukai Senjou no Horizon,13,0,0,8131289060,1,Kyoukai Senjou no Horizon,,Kyoukai Senjou no Horizon II,,2013-11-26,Fall,2011,5,16,27,,,,1,0,0,0,0
56,0,HD 720p,Kyoukai Senjou no Horizon II,13,0,0,4671496823,2,Kyoukai Senjou no Horizon,Kyoukai Senjou no Horizon,,,2013-12-12,Summer,2012,5,14,3,,,,1,0,0,0,0
57,0,HD 720p,Little Busters!,26,0,0,6328334291,1,Little Busters!,,Little Busters! Refrain,,2013-05-17,Fall,2012,10,15,19,,,,1,0,0,0,0
58,0,HD 720p,Log Horizon,25,0,0,8630813790,1,Log Horizon,,,,2015-02-19,Fall,2013,10,12,32,Commie,Kiroku no Chiheisen,BD,1,0,0,0,0
59,0,HD 720p,Love Lab,13,0,0,3578168937,1,Love Lab,,,,2015-03-10,Summer,2013,5,16,2,,,BD,1,0,0,0,0
60,0,HD 720p,Love Live! School Idol Project,13,0,0,5169851434,1,Love Live! School Idol Project,,,,2013-07-06,Winter,2013,5,7,35,,,,1,0,0,0,0
61,0,HD 720p,Maburaho,24,0,0,9553342424,1,Maburaho,,,,2014-11-26,,,9,34,40,Final8,,,1,0,0,0,0
62,0,HD 720p,Magi,25,0,0,9980890419,1,Magi,,,,2014-01-21,,,10,12,52,,,,1,0,0,0,0
63,0,HD 720p,Maji de Watashi ni Koi Shinasai!,12,0,0,4688852004,1,Maji de Watashi ni Koi Shinasai!,,,,2013-01-02,Fall,2011,,,,,,,1,0,0,0,0
64,0,HD 720p,Maken-Ki!,12,0,0,3800601454,1,Maken-Ki!,,,,2014-08-10,Fall,2011,4,56,0,,,,1,0,0,0,0
65,0,HD 720p,Mangirl!,13,0,0,650623681,1,Mangirl!,,,,2015-04-14,Winter,2013,0,54,6,HorribleSubs,,,1,0,0,0,0
66,0,HD 720p,Maoyuu Maou Yuusha,12,0,0,3782861568,1,Maoyuu Maou Yuusha,,,,2014-11-05,Winter,2013,4,43,57,Commie,,,1,0,0,0,0
67,0,HD 720p,Maria Holic,12,0,0,7511129124,1,Maria Holic,,Maria Holic Alive,,2014-02-10,Winter,2009,4,55,1,,,,1,0,0,0,0
68,0,HD 720p,Maria Holic Alive,12,0,0,4883188053,2,Maria Holic,Maria Holic,,,2014-10-12,,,4,42,59,,,,1,0,0,0,0
69,0,HD 720p,Mashiro-iro Symphony,12,0,3,4583944069,1,Mashiro-iro Symphony,,,,2014-04-08,,,5,12,23,,,,1,0,0,0,0
70,0,HD 720p,Mayo Chiki!,13,0,0,4485955223,1,Mayo Chiki!,,,,2013-03-12,Summer,2011,5,13,37,,,,1,0,0,0,0
71,0,HD 720p,Medaka Box,12,0,0,4084622283,1,Medaka Box,,Medaka Box Abnormal,,2013-04-06,Spring,2012,4,44,27,,,,1,0,0,0,0
72,0,HD 720p,Medaka Box Abnormal,12,0,0,4059872111,2,Medaka Box,Medaka Box,,,2013-12-14,,,4,44,12,,,,1,0,0,0,0
73,0,HD 720p,Meganebu!,12,0,0,4048571600,1,Meganebu!,,,,2014-05-21,,,4,44,9,,,,1,0,0,0,0
74,0,HD 720p,Minami-ke,13,0,0,3166102301,1,Minami-ke,,Minami-ke Okawari (Season 2),,2013-11-26,,,5,14,8,,,,1,0,0,0,0
75,0,HD 720p,Minami-ke Okaeri (Season 3),13,0,0,3583632982,3,Minami-ke,Minami-ke Okawari (Season 2),Minami-ke Tadaima (Season 4),,2015-05-15,,,5,14,8,Nekomimi,,,1,0,0,0,0
76,0,HD 720p,Minami-ke Okawari (Season 2),13,0,0,3175813204,2,Minami-ke,Minami-ke,Minami-ke Okaeri (Season 3),,2015-04-21,,,5,14,10,Ayu,,,1,0,0,0,0
77,0,HD 720p,Momo Kyun Sword,12,0,0,5810517001,1,Momo Kyun Sword,,,,2015-05-28,Summer,2014,4,43,58,FFF,,,1,0,0,0,0
78,0,HD 720p,Moshidora,10,0,0,3434857496,1,Moshidora,,,,2013-06-22,Winter,2011,4,10,25,,,,1,0,0,0,0
79,0,HD 720p,Nazo no Kanojo X,13,0,0,4402585407,1,Nazo no Kanojo X,,,,2013-11-30,Spring,2012,5,8,4,,,,1,0,0,0,0
80,0,HD 720p,Nichijou,26,0,0,9848869212,1,Nichijou,,,,2015-01-19,Spring,2011,10,21,59,Doki,,,1,0,0,0,0
81,0,HD 720p,Nobunagun,13,0,0,4389910869,1,Nobunagun,,,,2016-03-24,Winter,2014,5,7,26,HorribleSubs,,Not Hsubs,1,0,0,0,0
82,0,HD 720p,Nodame Cantabile (Season 1),23,0,1,5762428879,1,Nodame Cantabile (Season 1),,Nodame Cantabile Paris-hen (Season 2),,2015-04-08,,,9,0,25,Anime-Keep,,,1,0,0,0,0
83,0,HD 720p,Nodame Cantabile Finale (Season 3),11,1,1,4282390294,3,Nodame Cantabile (Season 1),Nodame Cantabile Paris-hen (Season 2),,,2015-04-16,,,4,48,41,Frostii,,,1,0,0,0,0
84,0,HD 720p,Nodame Cantabile Paris-hen (Season 2),11,1,0,2852012355,2,Nodame Cantabile (Season 1),Nodame Cantabile (Season 1),Nodame Cantabile Finale (Season 3),,2015-04-13,,,4,30,15,"ANBU, Anime-Keep",,,1,0,0,0,0
85,0,HD 720p,Nogizaka Haruka No Himitsu,12,0,0,5235314867,1,Nogizaka Haruka No Himitsu,,Nogizaka Haruka No Himitsu Purezza,,2013-04-07,,,4,22,3,,,,1,0,0,0,0
86,0,HD 720p,Nogizaka Haruka No Himitsu Purezza,12,0,0,4864328790,2,Nogizaka Haruka No Himitsu,Nogizaka Haruka No Himitsu,,,2013-04-11,,,4,58,27,,,,1,0,0,0,0
87,0,HD 720p,Noragami,12,0,0,5172115229,1,Noragami,,,,2014-06-21,Winter,2014,4,50,17,,,,1,0,0,0,0
88,0,HD 720p,Nyan Koi!,12,0,0,5115002689,1,Nyan Koi!,,,,2014-06-12,,,4,50,44,,,,1,0,0,0,0
89,0,HD 720p,Onee-chan ga Kita!,12,0,1,887105350,1,Onee-chan ga Kita!,,,,2015-01-05,Winter,2014,0,40,24,Asenshi,,,1,0,0,0,0
90,0,HD 720p,Onii-chan Dakedo Ai Sae Areba Kankeinai yo ne,12,0,0,2600968426,1,Onii-chan Dakedo Ai Sae Areba Kankeinai yo ne,,,,2013-09-08,,,4,54,0,,,,1,0,0,0,0
91,0,HD 720p,Ookami Kodomo no Ame to Yuki,1,0,0,1895067442,1,Ookami Kodomo no Ame to Yuki,,,,2015-05-20,,,1,57,2,Commie,,,1,0,0,0,0
92,0,HD 720p,Ore no Imouto ga Konnani Kawaii Wake ga Nai,16,0,0,6357494190,1,Ore no Imouto ga Konnani Kawaii Wake ga Nai,,Ore no Imouto ga Konnani Kawaii Wake ga Nai Second Season,,2013-06-06,Fall,2010,7,2,9,,,,1,0,0,0,0
93,0,HD 720p,Ore no Kanojo to Osananajimi ga Shurabasugiru,13,0,0,3310112137,1,Ore no Kanojo to Osananajimi ga Shurabasugiru,,,,2013-11-03,,,5,7,26,,,,1,0,0,0,0
94,0,HD 720p,Papa no Iukoto wo Kikinasai!,12,1,0,4786145278,1,Papa no Iukoto wo Kikinasai!,,,,2014-06-10,,,5,6,38,,,,1,0,0,0,0
95,0,HD 720p,Persona 4 - The Animation,26,1,0,7268820096,2,Persona 1 - Trinity Soul,Persona 1 - Trinity Soul,,,2015-06-21,,,11,7,40,Commie,,,1,0,0,0,0
96,0,HD 720p,Photokano,13,0,0,4000788035,1,Photokano,,,,2014-06-10,Spring,2013,5,13,33,,,,1,0,0,0,0
97,0,HD 720p,Pokemon The Origin,1,0,0,1820258900,1,Pokemon The Origin,,,,2015-07-25,,,1,31,54,,,,1,0,0,0,0
98,0,HD 720p,Psycho-Pass,22,0,0,7038257254,1,Psycho-Pass,,Psycho-Pass 2,,2015-08-23,Fall,2012,8,24,9,Commie,,,1,0,0,0,0
99,0,HD 720p,Psycho-Pass 2,11,0,0,4656480191,2,Psycho-Pass,Psycho-Pass,,,2015-11-20,Fall,2014,4,7,1,Commie,,,1,0,0,0,0
100,0,HQ 480p,Joshikousei,12,0,3,2325657902,1,Joshikousei,,,,2013-05-10,,,5,8,11,,,,1,0,0,0,0
101,0,HQ 480p,Omamori Himari,12,0,0,2423318739,1,Omamori Himari,,,,2014-01-08,,,4,44,57,,,,1,0,0,0,0
102,0,LQ 360p,Kanokon,12,0,0,532778690,1,Kanokon,,,Kanokon - Manatsu no Dai Shanikusai (OVA),2012-05-02,,,,,,,,HD 720p,1,0,0,0,0
103,0,LQ 360p,Kanokon - Manatsu no Dai Shanikusai (OVA),2,0,0,84523909,0,Kanokon,Kanokon,,,2012-05-04,,,,,,,,HD 720p,1,0,0,0,0
104,0,LQ 360p,Kanon,24,0,0,1206029695,1,Kanon,,,,2012-12-26,,,,,,,,HD 720p,1,0,0,0,0
105,0,LQ 360p,Katekyo Hitman Reborn!,203,0,0,10435858309,1,Katekyo Hitman Reborn!,,,,2014-10-28,,,79,56,40,,,,1,0,0,0,0
106,0,LQ 360p,Kimi Ga Aruji De Shitsuji Ga Ore De,13,0,0,671219731,1,Kimi Ga Aruji De Shitsuji Ga Ore De,,,,2013-03-03,,,5,19,17,,,HD 720p,1,0,0,0,0
107,0,LQ 360p,Kodomo no Jikan,12,4,0,1390427359,1,Kodomo no Jikan,,,,2013-02-27,,,5,54,36,,,HQ 480p,1,0,0,0,0
108,0,LQ 360p,Koharu Biyori,3,0,0,239307157,1,Koharu Biyori,,,,2012-11-03,,,,,,,,,1,0,0,0,0
109,0,LQ 360p,La Corda D' Oro,28,0,0,1140794207,1,La Corda D' Oro,,,,2012-10-29,,,,,,,,,1,0,0,0,0
110,0,LQ 360p,Ladies vs Butlers,12,0,1,719854024,1,Ladies vs Butlers,,,,2012-11-22,,,,,,,,HD 720p,1,0,0,0,0
111,0,LQ 360p,Lovely Complex,24,0,0,1315220278,1,Lovely Complex,,,,2012-12-30,,,,,,,,,1,0,0,0,0
112,0,LQ 360p,Lucky Star,24,0,1,1521655969,1,Lucky Star,,,,2012-12-04,,,,,,,,HD 720p,1,0,0,0,0
113,0,LQ 360p,Mayoi Neko Overrun!,13,0,0,837972378,1,Mayoi Neko Overrun!,,,,2012-04-21,Spring,2010,,,,,,HD 720p,1,0,0,0,0
114,0,LQ 360p,Nagasarete Airantou,26,0,0,1489281199,1,Nagasarete Airantou,,,,2012-05-02,,,,,,,,HD 720p,1,0,0,0,0
115,0,LQ 360p,Nanaka 6-17,12,0,1,646679926,1,Nanaka 6-17,,,,2013-04-22,,,5,25,51,,,HQ 480p,1,0,0,0,0
116,0,LQ 360p,Naruto,220,0,0,12100644006,1,Naruto,,Naruto Shippuuden,,2013-04-19,,,83,10,1,,,,1,0,0,0,0
117,0,LQ 360p,Onegai Teacher,12,0,0,675892106,1,Onegai Teacher,,,,2012-04-22,,,4,25,15,,,,1,0,0,0,0
118,0,LQ 360p,Onii-chan No Koto Nanka Zenzen Suki Janain Dakara Ne,12,0,0,965276887,1,Onii-chan No Koto Nanka Zenzen Suki Janain Dakara Ne,,,,2012-04-18,Winter,2011,4,19,38,,,HD 720p,1,0,0,0,0
119,0,LQ 360p,Ore-tachi Ni Tsubasa Wa Nai,12,0,0,1030103823,1,Ore-tachi Ni Tsubasa Wa Nai,,,,2012-04-21,Spring,2011,4,52,58,,,,1,0,0,0,0
120,0,LQ 360p,Otome Wa Boku Ni Koishiteru,13,0,0,669279215,1,Otome Wa Boku Ni Koishiteru,,,,2013-02-24,Fall,2006,5,11,40,,,HD 720p,1,0,0,0,0
121,0,LQ 360p,Persona 1 - Trinity Soul,26,0,0,2225969621,1,Persona 1 - Trinity Soul,,Persona 4 - The Animation,,2012-04-12,,,10,26,28,,,,1,0,0,0,0
122,0,FHD 1080p,Rail Wars!,12,0,0,17055447496,1,Rail Wars!,,,,2016-02-21,,,4,49,31,FFF,,,1,0,0,0,0
123,0,FHD 1080p,Red Data Girl,12,0,0,12469446322,1,Red Data Girl,,,,2015-02-14,Spring,2013,4,56,23,,RDG,,1,0,0,0,0
124,0,FHD 1080p,Rio - Rainbow Gate!,13,0,1,13143671328,1,Rio - Rainbow Gate!,,,,2014-05-11,Winter,2011,5,33,7,,,,1,0,0,0,0
125,0,FHD 1080p,Rokujouma no Shinryakusha,12,0,0,13386925092,1,Rokujouma no Shinryakusha,,,,2016-11-02,Summer,2014,4,44,1,FFF,Rokujiuma no Shinryakusha,,1,0,0,0,0
126,0,FHD 1080p,Saki Achiga-hen - Episode of Side-A,16,0,0,4300959023,2,Saki,Saki,Saki - Zenkoku-hen,,2016-01-28,Spring,2012,6,51,45,Underwater-FFF,,,1,0,0,0,0
127,0,FHD 1080p,Seitokai Yakuindomo,13,0,0,8001048496,1,Seitokai Yakuindomo,,Seitokai Yakuindomo Bleep,,2013-04-19,Summer,2010,5,7,29,,,,1,0,0,0,0
128,0,FHD 1080p,Seitokai Yakuindomo Bleep,13,0,0,7370152668,2,Seitokai Yakuindomo,Seitokai Yakuindomo,,,2015-03-20,Winter,2014,5,7,43,HorribleSubs,SYD*,Not Hsubs,1,0,0,0,0
129,0,FHD 1080p,Servant x Service,13,0,0,9598881110,1,Servant x Service,,,,2014-09-07,Summer,2013,5,10,50,,,,1,0,0,0,0
130,0,FHD 1080p,Shigatsu wa Kimi no Uso,22,0,0,20500224576,1,Shigatsu wa Kimi no Uso,,,,2016-12-22,Fall,2014,8,23,46,LNS-Tsundere,Your Lie in April,,1,0,0,0,0
131,0,FHD 1080p,Shinryaku! Ika Musume,12,0,2,11837529063,1,Shinryaku! Ika Musume,,Shinryaku! Ika Musume S2,,2015-03-21,Fall,2010,4,57,5,FFF,,,1,0,0,0,0
132,0,FHD 1080p,Shinryaku! Ika Musume S2,12,0,0,10579839128,2,Shinryaku! Ika Musume,Shinryaku! Ika Musume,,,2015-05-27,,,4,46,56,FFF,Shinryaku!? Ika Musume,,1,0,0,0,0
133,0,FHD 1080p,Shokugeki no Souma,24,0,0,36589079279,1,Shokugeki no Souma,,Shokugeki no Souma Ni no Sara,,2016-06-17,Spring,2015,7,57,18,FFF,,,1,0,0,0,0
134,0,FHD 1080p,Sora no Method,13,1,0,11861784407,1,Sora no Method,,,,2016-04-29,Fall,2014,5,20,47,LNS,,,1,0,0,0,0
135,0,FHD 1080p,Sora no Woto,13,1,0,7783857683,1,Sora no Woto,,,,2014-11-16,,,5,47,11,Elysium,,,1,0,0,0,0
136,0,FHD 1080p,Suzumiya Haruhi-chan no Yuuutsu,25,0,0,4798949167,0,Suzumiya Haruhi no Yuuutsu,Suzumiya Haruhi no Yuuutsu,,,2012-10-22,,,,,,,,,1,0,0,0,0
137,0,FHD 1080p,Sword Art Online,25,1,0,32904117049,1,Sword Art Online,,,,2014-05-11,Summer,2012,11,33,55,,,,1,0,0,0,0
138,0,FHD 1080p,Tamako Market,12,0,6,10951028615,1,Tamako Market,,,Tamako Love Story,2014-04-04,Winter,2013,5,5,53,,,,1,0,0,0,0
139,0,FHD 1080p,Tamako Love Story,1,0,0,2906899030,0,Tamako Market,Tamako Market,,,2014-11-06,Spring,2014,1,23,42,Coalgirls,,,1,0,0,0,0
140,0,FHD 1080p,To LOVE-Ru - Motto To LOVE-Ru (Season 2),12,0,0,21757774737,2,To LOVE-Ru,To LOVE-Ru,To LOVE-Ru - To LOVE-Ru Darkness (Season 3),,2015-04-27,,,4,45,21,Zurako,,,1,0,0,0,0
141,0,FHD 1080p,To LOVE-Ru - To LOVE-Ru Darkness (Season 3),12,1,0,34692739398,3,To LOVE-Ru,To LOVE-Ru - Motto To LOVE-Ru (Season 2),,,2016-01-29,Fall,2012,5,12,34,Zurako,To Love-Ru Trouble Darkness,,1,0,0,0,0
142,0,FHD 1080p,Tokyo Ghoul,12,0,0,6828368596,1,Tokyo Ghoul,,,,2016-01-22,Summer,2014,4,19,41,Coalgirls,,,1,0,0,0,0
143,0,FHD 1080p,Trinity Seven,12,0,0,13885235518,1,Trinity Seven,,,,2016-04-24,Fall,2014,4,46,45,BlurayDesuYo,,,1,0,0,0,0
144,0,FHD 1080p,Vividred Operation,12,0,0,19472436376,1,Vividred Operation,,,,2015-02-19,Winter,2013,4,55,7,AtoZ,,,1,0,0,0,0
145,0,FHD 1080p,Yahari Ore no Seishun Love Come wa Machigatteiru,13,0,0,20087115617,1,Yahari Ore no Seishun Love Come wa Machigatteiru,,,,2016-02-17,Spring,2013,5,13,50,Coalgirls,Oregairu,,1,0,0,0,0
146,0,FHD 1080p,Yamada-kun to 7-nin no Majo,12,0,0,11631890879,1,Yamada-kun to 7-nin no Majo,,,,2016-04-14,Spring,2015,4,56,33,SallySubs,,,1,0,0,0,0
147,0,FHD 1080p,Yosuga no Sora - In Soltitude We are Alone,12,0,0,9075183056,1,Yosuga no Sora - In Soltitude We are Alone,,,,2012-09-07,Fall,2010,,,,,,,1,0,0,0,0
148,0,FHD 1080p,Yuru Yuri,12,0,1,6507550892,1,Yuru Yuri,,Yuru Yuri ??,,2013-05-03,Summer,2011,4,49,58,,,,1,0,0,0,0
149,0,FHD 1080p,Yuusha ni Narenakatta Ore wa Shibushibu Shuushoku wo Ketsui Shimashita,12,0,0,19969803617,1,Yuusha ni Narenakatta Ore wa Shibushibu Shuushoku wo Ketsui Shimashita,,,,2016-06-15,Fall,2013,4,44,24,FFF,YuuShibu,,1,0,0,0,0
150,0,HD 720p,Rinne no Lagrange,12,0,0,4793416341,1,Rinne no Lagrange,,Rinne no Lagrange Season 2,,2013-12-19,Winter,2012,4,45,27,,,,1,0,0,0,0
151,0,HD 720p,Rinne no Lagrange Season 2,12,0,0,4362094233,2,Rinne no Lagrange,Rinne no Lagrange,,,2014-01-15,Summer,2012,4,43,38,,,,1,0,0,0,0
152,0,HD 720p,Robotics;Notes,22,0,0,9598752007,1,Robotics;Notes,,,,2014-04-20,Fall,2012,8,24,15,,,,1,0,0,0,0
153,0,HD 720p,Ro-Kyu-Bu!,12,0,0,7768519601,1,Ro-Kyu-Bu!,,Ro-Kyu-Bu! SS,,2013-11-15,Summer,2011,4,44,12,,,,1,0,0,0,0
154,0,HD 720p,Ro-Kyu-Bu! SS,12,0,0,4525450045,2,Ro-Kyu-Bu!,Ro-Kyu-Bu!,,,2014-02-24,,,4,44,19,,,,1,0,0,0,0
155,0,HD 720p,Rosario + Vampire,13,0,0,4811666333,1,Rosario + Vampire,,Rosario + Vampire Capu2,,2013-10-20,,,5,24,43,,,,1,0,0,0,0
156,0,HD 720p,Rosario + Vampire Capu2,13,0,0,4587508868,2,Rosario + Vampire,Rosario + Vampire,,,2013-11-12,,,4,44,55,,,,1,0,0,0,0
157,0,HD 720p,Ryuugajou Nanana no Maizoukin,11,0,0,3014955723,1,Ryuugajou Nanana no Maizoukin,,,,2014-11-28,Spring,2014,4,12,59,FFF,,FHD 1080p,1,0,0,0,0
158,0,HD 720p,"Saikin, Imouto no Yousu ga Chotto Okashiinda ga.",12,0,0,4580559730,1,"Saikin, Imouto no Yousu ga Chotto Okashiinda ga.",,,,2014-06-11,Winter,2014,4,43,59,Doutei,ImoCho,,1,0,0,0,0
159,0,HD 720p,Saki,25,0,7,12273859775,1,Saki,,Saki Achiga-hen - Episode of Side-A,,2014-03-23,,,10,56,34,,,,1,0,0,0,0
160,0,HD 720p,Saki - Zenkoku-hen,13,0,0,18486763327,3,Saki,Saki Achiga-hen - Episode of Side-A,,,2014-09-21,Winter,2014,5,10,33,Underwater-FFF,,,1,0,0,0,0
161,0,HD 720p,Sakura Trick,12,0,0,3682119967,1,Sakura Trick,,,,2014-09-28,Winter,2014,4,49,35,,,,1,0,0,0,0
162,0,HD 720p,Sakurasou no Pet na Kanojo,24,0,0,8125138596,1,Sakurasou no Pet na Kanojo,,,,2013-11-04,,,9,28,48,,,,1,0,0,0,0
163,0,HD 720p,Sankarea,13,0,0,3421382399,1,Sankarea,,,,2013-07-15,Spring,2012,5,13,16,,,,1,0,0,0,0
164,0,HD 720p,Sasami-san@Ganbaranai,12,0,0,4305692659,1,Sasami-san@Ganbaranai,,,,2014-06-22,Winter,2013,4,49,49,,,,1,0,0,0,0
165,0,HD 720p,Seikon no Quaser,24,1,16,12975329363,1,Seikon no Quaser,,,,2015-04-28,,,10,30,45,Doki,,,1,0,0,0,0
166,0,HD 720p,Sekimatsu Occult Academy,13,0,0,4123221631,1,Sekimatsu Occult Academy,,,,2015-09-04,,,5,16,36,HorribleSubs,Sekimatsu Occult Gakuen,,1,0,0,0,0
167,0,HD 720p,selector infected WIXOSS,12,0,0,5940611884,1,selector infected WIXOSS,,,,2014-12-08,Spring,2014,4,44,3,Asenshi,,BD,1,0,0,0,0
168,0,HD 720p,Shakugan no Shana,24,0,3,8832724911,1,Shakugan no Shana,,Shakugan no Shana Second,"Shakugan no Shana - The Movie, Shakugan No Shana Special, Shakugan no Shanatan",2014-05-26,,,10,10,17,,,,1,0,0,0,0
169,0,HD 720p,Shakugan no Shana Second,24,0,0,5950153577,2,Shakugan no Shana,Shakugan no Shana,Shakugan no Shana 3 (Final),,2014-06-05,,,9,45,16,,,,1,0,0,0,0
170,0,HD 720p,Shingeki no Kyojin,25,2,1,13644469986,1,Shingeki no Kyojin,,,,2015-03-17,Spring,2013,11,16,10,Commie,,,1,0,0,0,0
171,0,HD 720p,Shirobako,24,0,0,5308574781,1,Shirobako,,,,2015-05-08,Fall,2014,9,52,15,Cthuko,SHIROBAKO,BD,1,0,0,0,0
172,0,HD 720p,Shokugeki no Souma Ni no Sara,13,0,0,6066281136,2,Shokugeki no Souma,Shokugeki no Souma,,,2016-10-30,,,5,14,4,FFF,,FHD 1080p,1,0,0,0,0
173,0,HD 720p,SKET Dance,77,0,0,10021050239,1,SKET Dance,,,,2014-12-29,,,31,16,22,,,,1,0,0,0,0
174,0,HD 720p,Soredemo Sekai wa Utsukushii,12,0,0,3337346490,1,Soredemo Sekai wa Utsukushii,,,,2015-04-01,Spring,2014,4,34,11,Chihiro,,BD,1,0,0,0,0
175,0,HD 720p,Steins;Gate,25,0,0,12177124635,1,Steins;Gate,,,,2015-07-31,,,8,59,59,WhyNot,,,1,0,0,0,0
176,0,HD 720p,Stella Jogakuin Koutouka C3-bu,13,0,0,4622496609,1,Stella Jogakuin Koutouka C3-bu,,,,2014-11-07,Summer,2013,5,13,33,Vivid,,,1,0,0,0,0
177,0,HD 720p,Strike Witches 2,12,0,0,9131623358,2,Strike Witches,Strike Witches,,,2013-11-05,,,4,55,49,,,,1,0,0,0,0
178,0,HD 720p,Sukitte Ii na yo.,13,0,0,4389041962,1,Sukitte Ii na yo.,,,,2014-06-13,,,5,7,5,,,,1,0,0,0,0
179,0,HD 720p,Suzumiya Haruhi no Shoushitsu (Movie),1,0,0,3657802297,0,Suzumiya Haruhi no Yuuutsu,Suzumiya Haruhi no Yuuutsu,,,2013-01-08,,,,,,,,,1,0,0,0,0
180,0,HD 720p,Suzumiya Haruhi no Yuuutsu,28,0,0,9756508712,1,Suzumiya Haruhi no Yuuutsu,,,"Suzumiya Haruhi no Shoushitsu (Movie), Suzumiya Haruhi-chan no Yuuutsu",2013-01-05,,,,,,,,,1,0,0,0,0
181,0,HD 720p,Tari Tari,13,0,0,4015054469,1,Tari Tari,,,,2012-11-11,Summer,2012,,,,,,,1,0,0,0,0
182,0,HD 720p,Tasogare Otome x Amnesia,12,0,0,4154341278,1,Tasogare Otome x Amnesia,,,,2013-08-24,Spring,2012,4,44,40,,,,1,0,0,0,0
183,0,HD 720p,Teekyuu,12,0,0,345515727,1,Teekyuu,,Teekyuu S2,,2015-06-03,Fall,2012,0,26,14,HorribleSubs,,,1,0,0,0,0
184,0,HD 720p,Teekyuu S2,12,2,0,798278740,2,Teekyuu,Teekyuu,Teekyuu S3,,2015-05-20,Summer,2013,0,27,35,Commie,,,1,0,0,0,0
185,0,HD 720p,Teekyuu S3,12,2,0,767489442,3,Teekyuu,Teekyuu S2,,,2015-05-20,,,0,27,59,Commie,,,1,0,0,0,0
186,0,HD 720p,The iDOLM@STER,26,0,0,9536090081,1,The iDOLM@STER,,The iDOLM@STER XENOGLOSSIA,,2013-08-18,Summer,2011,10,36,20,,,,1,0,0,0,0
187,0,HD 720p,To Aru Kagaku no Railgun,24,0,0,7390628383,1,To Aru Kagaku no Railgun,,To Aru Kagaku no Railgun S,,2013-03-30,,,9,31,54,,,,1,0,0,0,0
188,0,HD 720p,To Aru Kagaku no Railgun S,24,0,0,11877713651,2,To Aru Kagaku no Railgun,To Aru Kagaku no Railgun,,,2015-06-19,Spring,2013,9,28,20,UTW-Mazui,,BD 1080p,1,0,0,0,0
189,0,HD 720p,To LOVE-Ru,26,6,0,14583528842,1,To LOVE-Ru,,To LOVE-Ru - Motto To LOVE-Ru (Season 2),,2015-04-12,Fall,2010,12,59,6,Final8,,,1,0,0,0,0
190,0,HD 720p,Toaru Majutsu no Index,24,0,0,8410225116,1,Toaru Majutsu no Index,,Toaru Majutsu no Index II,Toaru Majutsu no Index-tan,2013-09-08,,,9,28,39,,,,1,0,0,0,0
191,0,HD 720p,Toaru Majutsu no Index II,24,0,0,8650753915,2,Toaru Majutsu no Index,Toaru Majutsu no Index,,,2013-10-13,Fall,2010,9,28,44,,,,1,0,0,0,0
192,0,HD 720p,Toaru Majutsu no Index-tan,2,0,0,189061986,0,Toaru Majutsu no Index,Toaru Majutsu no Index,,,2013-09-08,,,0,15,36,,,,1,0,0,0,0
193,0,HD 720p,Tokyo Magnitude 8.0,11,0,0,3747671055,1,Tokyo Magnitude 8.0,,,,2015-05-29,,,4,8,36,Elysium,,,1,0,0,0,0
194,0,HD 720p,Tonari no Kaibutsu-kun,13,0,0,4522138411,1,Tonari no Kaibutsu-kun,,,,2013-03-26,Fall,2012,5,16,33,,,,1,0,0,0,0
195,0,HD 720p,Toradora!,25,1,4,16025354549,1,Toradora!,,,,2014-05-25,,,9,29,31,Coalgirls,,,1,0,0,0,0
196,0,HD 720p,Upotte!!,10,0,0,5221920014,1,Upotte!!,,,,2014-01-24,Spring,2012,3,56,57,,,,1,0,0,0,0
197,0,HD 720p,Valkyria Chronicles,26,0,0,7132898730,1,Valkyria Chronicles,,,,2015-05-12,,,9,0,3,Coalgirls,,,1,0,0,0,0
198,0,HD 720p,Watashi ga Motenai no wa Dou Kangaete mo Omaera ga Warui!,12,0,0,4476510074,1,Watashi ga Motenai no wa Dou Kangaete mo Omaera ga Warui!,,,,2014-04-17,Summer,2013,4,46,44,,,,1,0,0,0,0
199,0,HD 720p,Witch Craft Works,12,0,0,7558955796,1,Witch Craft Works,,,,2014-07-27,Winter,2014,4,43,57,,,,1,0,0,0,0
200,0,HD 720p,Working!! 2,13,0,0,3831116094,2,Working!!,Working!!,,,2013-08-11,,,5,10,59,,,,1,0,0,0,0
201,0,HD 720p,Yozakura Quartet Hana no Uta,13,0,0,4252455463,1,Yozakura Quartet Hana no Uta,,,,2014-06-21,Fall,2013,5,7,23,,,,1,0,0,0,0
202,0,HD 720p,Yuru Yuri ??,12,0,0,4019725939,2,Yuru Yuri,Yuru Yuri,Yuru Yuri San Hai!,,2012-10-22,Summer,2012,,,,,,,1,0,0,0,0
203,0,HD 720p,Zankyou no Terror,11,0,0,5709360250,1,Zankyou no Terror,,,,2015-05-31,,,4,12,3,,,,1,0,0,0,0
204,0,HD 720p,Zero no Tsukaima,13,0,0,6183871455,1,Zero no Tsukaima,,Zero no Tsukaima - Futatsuki no Kishi (Season 2),,2013-11-06,,,5,7,55,,,,1,0,0,0,0
205,0,HD 720p,Zero no Tsukaima - Futatsuki no Kishi (Season 2),12,0,0,5536278510,2,Zero no Tsukaima,Zero no Tsukaima,Zero no Tsukaima - Princess no Rondo (Season 3),,2013-11-08,,,4,43,59,,,,1,0,0,0,0
206,0,HD 720p,Zero no Tsukaima - Princess no Rondo (Season 3),12,1,1,5948899831,3,Zero no Tsukaima,Zero no Tsukaima - Futatsuki no Kishi (Season 2),Zero no Tsukaima - Zero no Tsukaima F (Season 4),,2013-11-14,,,5,32,38,,,,1,0,0,0,0
207,0,HD 720p,Zero no Tsukaima - Zero no Tsukaima F (Season 4),12,0,0,7155899050,4,Zero no Tsukaima,Zero no Tsukaima - Princess no Rondo (Season 3),,,2014-06-07,,,4,45,32,,,,1,0,0,0,0
208,0,HQ 480p,REC,10,0,0,1798963189,1,REC,,,,2013-06-29,,,2,14,51,,,,1,0,0,0,0
209,0,HQ 480p,Rozen Maiden,12,0,0,2928478231,1,Rozen Maiden,,Rozen Maiden Träumend (Season 2),Rozen Maiden Overtüre (OVA),2013-03-28,,,4,50,34,,,,1,0,0,0,0
210,0,HQ 480p,Rozen Maiden Overtüre (OVA),2,0,0,691390374,0,Rozen Maiden,Rozen Maiden,,,2013-04-13,,,0,47,49,,,,1,0,0,0,0
211,0,HQ 480p,Rozen Maiden Träumend (Season 2),12,0,0,4155707620,2,Rozen Maiden,Rozen Maiden,,,2013-04-13,,,4,51,45,,,,1,0,0,0,0
212,0,HD 720p,School Days,12,2,0,2418699745,1,School Days,,,,2015-04-13,,,4,59,5,FTV-Subs,,,1,0,0,0,0
213,0,HQ 480p,Shakugan no Shana - The Movie,1,0,0,834245586,0,Shakugan no Shana,Shakugan no Shana,,,2012-12-26,,,1,26,20,,,,1,0,0,0,0
214,0,HQ 480p,"Shinigami No Ballad - Momo, The Girl God Of Death",6,0,0,1614345408,1,"Shinigami No Ballad - Momo, The Girl God Of Death",,,,2013-05-14,,,2,27,51,,,,1,0,0,0,0
215,0,HQ 480p,Sketchbook ~full color'S~,13,0,6,5405099986,1,Sketchbook ~full color'S~,,,,2014-06-02,,,6,3,13,,,,1,0,0,0,0
216,0,HQ 480p,Strike Witches,12,1,0,3380146652,1,Strike Witches,,Strike Witches 2,,2013-04-04,,,5,14,10,,,,1,0,0,0,0
217,0,HQ 480p,The iDOLM@STER XENOGLOSSIA,26,0,0,4638544519,2,The iDOLM@STER,The iDOLM@STER,,,2013-04-02,,,10,16,21,,,,1,0,0,0,0
218,0,LQ 360p,R-15,12,1,0,1250445652,1,R-15,,,,2012-06-15,Summer,2011,,,,,,HD 720p,1,0,0,0,0
219,0,LQ 360p,Recorder To Randsell Re,12,0,0,59987136,1,Recorder To Randsell Re,,,,2012-06-29,,,0,36,1,,,,1,0,0,0,0
220,0,LQ 360p,Seitokai no Ichizon,12,0,0,591182419,1,Seitokai no Ichizon,,,,2012-05-02,Fall,2009,4,52,45,,,HD 720p,1,0,0,0,0
221,0,LQ 360p,Sekirei,12,0,0,903010040,1,Sekirei,,Sekirei Pure Engagement,,2012-06-04,,,,,,,,HD 720p,1,0,0,0,0
222,0,LQ 360p,Sekirei Pure Engagement,13,1,0,822709160,2,Sekirei,Sekirei,,,2012-08-04,Summer,2010,,,,,,HD 720p,1,0,0,0,0
223,0,LQ 360p,Shakugan no Shana 3 (Final),24,0,0,3563652067,3,Shakugan no Shana,Shakugan no Shana Second,,,2012-04-18,,,,,,,,,1,0,0,0,0
224,0,LQ 360p,Shakugan No Shana Special,4,0,0,817285324,0,Shakugan no Shana,Shakugan no Shana,,,2012-04-20,,,,,,,,,1,0,0,0,0
225,0,LQ 360p,Shakugan no Shanatan,8,0,0,107146197,0,Shakugan no Shana,Shakugan no Shana,,,2012-12-06,,,,,,,,,1,0,0,0,0
226,0,LQ 360p,Shining Hearts - Shiawase no Pan,12,0,0,819625689,1,Shining Hearts - Shiawase no Pan,,,,2012-11-08,Spring,2012,4,47,53,,,,1,0,0,0,0
227,0,LQ 360p,Shuffle!,24,0,0,2321273085,1,Shuffle!,,Shuffle! Memories,,2012-05-07,,,9,45,16,,,,1,0,0,0,0
228,0,LQ 360p,Shuffle! Memories,12,0,0,595932635,2,Shuffle!,Shuffle!,,,2012-05-07,,,4,47,30,,,,1,0,0,0,0
229,0,LQ 360p,Shugo Chara,51,0,0,3567783407,1,Shugo Chara,,Shugo Chara Doki,,2012-10-21,,,19,42,38,,,HD 720p,1,0,0,0,0
230,0,LQ 360p,Shugo Chara Doki,51,0,0,3411217084,2,Shugo Chara,Shugo Chara,Shugo Chara Party!,,2012-11-03,,,20,58,41,,,HD 720p,1,0,0,0,0
231,0,LQ 360p,Shugo Chara Party!,25,0,0,1837072136,3,Shugo Chara,Shugo Chara Doki,,,2012-11-08,,,10,8,16,,,HD 720p,1,0,0,0,0
232,0,LQ 360p,Shukufuku no Campanella,13,0,0,1510151928,1,Shukufuku no Campanella,,,,2012-04-27,Summer,2010,,,,,,,1,0,0,0,0
233,0,LQ 360p,Sora no Otoshimono,12,0,0,1199775908,1,Sora no Otoshimono,,,,2012-04-14,Fall,2010,4,43,58,,,,1,0,0,0,0
234,0,LQ 360p,Special A,24,0,0,1308831115,1,Special A,,,,2012-05-13,,,9,27,57,,,HD 720p,1,0,0,0,0
235,0,LQ 360p,Strawberry Panic!,26,0,0,1706022101,1,Strawberry Panic!,,,,2013-02-23,Spring,2006,,,,,,HQ 480p,1,0,0,0,0
236,0,LQ 360p,Tayutama - Kiss On My Deity,12,0,0,730883652,1,Tayutama - Kiss On My Deity,,,,2012-04-24,,,4,32,14,,,,1,0,0,0,0
237,0,LQ 360p,Tenjou Tenge,24,2,0,1691012642,1,Tenjou Tenge,,,,2012-11-20,,,10,11,20,,,,1,0,0,0,0
238,0,LQ 360p,True Tears,13,0,0,500860079,1,True Tears,,,,2012-12-08,,,4,38,16,,,,1,0,0,0,0
239,0,LQ 360p,Tsubasa Reservoir Chronicle,26,0,0,4668399616,1,Tsubasa Reservoir Chronicle,,,,2012-09-04,,,10,49,57,,,,1,0,0,0,0
240,0,LQ 360p,Uta-Kata,12,1,0,609900379,1,Uta-Kata,,,,2012-05-07,,,5,7,40,,,,1,0,0,0,0
241,0,LQ 360p,Working!!,13,0,0,726197992,1,Working!!,,Working!! 2,,2012-12-30,Spring,2010,,,,,,HD 720p,1,0,0,0,0
242,1,LQ 360p,Naruto Shippuuden,96,0,0,4831397928,2,Naruto,Naruto,,,0000-00-00,,,,,,,,,1,0,0,0,0
243,1,HQ 480p,One Piece,798,0,0,1.74992E+11,1,One Piece,,,,0000-00-00,,,,,,,,,1,0,0,0,0
244,0,FHD 1080p,ReZero kara Hajimeru Isekai Seikatsu,25,0,0,20535137246,1,ReZero kara Hajimeru Isekai Seikatsu,,,,2017-08-27,,,10,40,40,BlurayDesuYo,Re:Zero kara Hajimeru Isekai Seikatsu,,1,0,0,0,0
245,0,FHD 1080p,Tokyo Ravens,24,0,0,39510945127,1,Tokyo Ravens,,,,2017-08-25,Winter,2013,9,28,4,FFF,,,1,0,0,0,0
246,0,FHD 1080p,Spirited Away,1,0,0,14918758264,1,Spirited Away,,,,2017-09-21,,,2,4,32,Coalgirls,,,1,0,0,0,0
247,0,FHD 1080p,Yuru Yuri San Hai!,12,0,0,9890052998,3,Yuru Yuri,Yuru Yuri ??,,,2017-08-15,,,4,47,15,FFF,,,1,0,0,0,0
248,0,HD 720p,World Trigger,73,0,0,9236555666,1,World Trigger,,,,2016-12-29,,,28,11,34,Project-GXS,,,1,0,0,0,0
249,0,HD 720p,11eyes,12,1,0,4198330532,1,11eyes,,,,2012-11-13,Fall,2009,5,23,45,,,,1,0,0,0,0
250,0,HQ 480p,5 Centimeters Per Second,3,0,0,733353083,1,5 Centimeters Per Second,,,,2015-05-03,,,1,2,45,Sugoi-Hikouki,Byousoku 5-Centimeter,1080p,1,0,0,0,0
251,0,LQ 360p,A Channel,12,2,6,1234803098,1,A Channel,,,,2012-11-03,Spring,2011,5,58,57,,,HD 720p,1,0,0,0,0
252,0,HD 720p,Accel World,24,1,6,15010910700,1,Accel World,,,,2013-01-06,Spring,2012,10,20,59,,,,1,0,0,0,0
253,0,HD 720p,Acchi Kocchi,12,1,0,3564822856,1,Acchi Kocchi,,,,2013-03-24,Spring,2012,5,13,49,,,,1,0,0,0,0
254,0,LQ 360p,Ai Yori Aoshi,24,0,0,1138166333,1,Ai Yori Aoshi,,Ai Yori Aoshi Enishi,,2012-05-08,Spring,2002,9,14,49,,,HD 720p,1,0,0,0,0
255,0,LQ 360p,Ai Yori Aoshi Enishi,12,0,0,1224065679,2,Ai Yori Aoshi Enishi,Ai Yori Aoshi,,,2012-06-28,Fall,2003,,,,,,HD 720p,1,0,0,0,0
256,0,HD 720p,Aiura,12,0,0,1578400481,1,Aiura,,,,2015-04-10,Spring,2013,1,6,16,Commie,,,1,0,0,0,0
257,0,HD 720p,AKB0048,13,0,0,12949326397,1,AKB0048,,AKB0048 Next Stage,,2014-10-15,Spring,2012,5,8,57,FFF,,,1,0,0,0,0
258,0,HD 720p,AKB0048 Next Stage,13,0,0,13904956621,2,AKB0048 Next Stage,AKB0048,,,2014-10-24,Winter,2013,5,8,43,FFF,,,1,0,0,0,0
259,0,HD 720p,Akikan!,12,0,0,2888365507,1,Akikan!,,,,2013-07-26,Winter,2008,4,42,19,,,,1,0,0,0,0
260,0,HD 720p,Aldnoah.Zero,12,0,0,4745938862,1,Aldnoah.Zero,,Aldnoah.Zero S2,,2015-05-01,Summer,2014,4,44,11,Vivid-Watashi,,,1,0,0,0,0
261,0,HD 720p,Aldnoah.Zero S2,12,0,0,4209067950,2,Aldnoah.Zero S2,Aldnoah.Zero,,,2015-05-03,Winter,2015,4,44,2,Vivid-Watashi,,,1,0,0,0,0
262,0,FHD 1080p,Amagi Brilliant Park,12,2,0,28787018301,1,Amagi Brilliant Park,,,,2016-02-08,Fall,2014,5,38,14,Coalgirls,AmaBri,,1,0,0,0,0
263,0,HD 720p,Angel Beats!,12,1,0,4756676280,1,Angel Beats!,,,,2012-10-26,Spring,2010,5,59,37,,,,1,0,0,0,0
264,0,HD 720p,Ano Hi Mita Hana no Namae o Bokutachi wa Mada Shiranai,11,0,0,3457448673,1,Ano Hi Mita Hana no Namae o Bokutachi wa Mada Shiranai,,,,2013-07-18,Spring,2011,4,15,56,,Anohana,,1,0,0,0,0
265,0,LQ 360p,Ano Natsu de Matteru,12,0,0,1105954079,1,Ano Natsu de Matteru,,,,2012-08-10,Winter,2012,4,45,59,,,HD 720p,1,0,0,0,0
266,0,FHD 1080p,Another,12,1,0,12799002542,1,Another,,,,2014-10-31,Winter,2012,5,22,23,Underwater,,,1,0,0,0,0
267,0,HD 720p,Ao Haru Ride,12,0,0,11564199444,1,Ao Haru Ride,,,,2014-11-06,Summer,2014,4,43,38,Mezashite,Aoharaido,FHD 1080p,1,0,0,0,0
268,0,HD 720p,Ao No Exorcist,25,1,0,9975061545,1,Ao No Exorcist,,,,2016-05-02,Spring,2011,10,29,51,Hatsuyuki-Hadena,Blue Exorcist,FHD 1080p,1,0,0,0,0
269,0,HD 720p,Aoharu x Kikanjuu,12,0,0,4144643441,1,Aoharu x Kikanjuu,,,,2015-11-25,Summer,2015,4,50,1,HorribleSubs,,FHD 1080p,1,0,0,0,0
270,0,HD 720p,Aoi Hana,11,0,0,4370129224,1,Aoi Hana,,,,2015-02-21,,,4,7,29,Commie,,,1,0,0,0,0
271,0,HD 720p,Arata-naru Sekai - World's?Start?Load?End,1,0,0,367987261,1,Arata-naru Sekai - World's?Start?Load?End,,,,2015-04-28,,,0,29,50,Commie,Arata-naru Sekai,,1,0,0,0,0
272,0,HD 720p,Arcana Famiglia,12,0,0,4058744095,1,Arcana Famiglia,,,,2012-10-29,Summer,2012,4,44,22,,,,1,0,0,0,0
273,0,HD 720p,Area no Kishi,37,0,0,13496934728,1,Area no Kishi,,,,2013-05-16,Winter,2012,15,34,27,,,,1,0,0,0,0
274,0,LQ 360p,Asobi ni iku yo!,12,1,0,1234803098,1,Asobi ni iku yo!,,,,2012-06-08,Summer,2010,5,12,29,,,,1,0,0,0,0
275,0,HD 720p,Assassination Classroom,22,0,0,10136122819,1,Assassination Classroom,,,,2015-11-28,Winter,2015,8,24,3,FFF,Ansatsu Kyoushitsu,FHD 1080p,1,0,0,0,0
276,0,LQ 360p,Astarotte no Omocha!,12,0,0,1054143939,1,Astarotte no Omocha!,,,,2012-06-08,Spring,2011,4,44,54,,,HD 720p,1,0,0,0,0
277,0,HD 720p,Asu No Yoichi,12,0,0,2201170739,1,Asu No Yoichi,,,,2013-07-18,Winter,2009,4,15,11,,,,1,0,0,0,0
278,0,LQ 360p,Azumanga Daioh,26,0,1,1224065679,1,Azumanga Daioh,,,,2012-08-25,Spring,2002,10,28,19,,,HQ 480p,1,0,0,0,0
279,0,HD 720p,B Gata H Kei,12,0,0,4402341478,1,B Gata H Kei,,,,2013-11-23,Spring,2010,4,57,50,,,,1,0,0,0,0
280,0,HD 720p,Baccano!,16,0,0,10855529841,1,Baccano!,,,,2014-12-29,,,6,46,23,Coalgirls,,,1,0,0,0,0
281,0,FHD 1080p,Baka to Test to Shoukanjuu,13,0,0,7870527570,1,Baka to Test to Shoukanjuu,,,,2013-11-14,Winter,2010,5,13,17,Elysium,BakaTest,,1,0,0,0,0
282,0,HD 720p,Baka to Test to Shoukanjuu Ni!,13,0,0,4756676280,2,Baka to Test to Shoukanjuu Ni!,,,,2014-05-31,,,5,9,54,Commie,BakaTest Ni,,1,0,0,0,0
283,0,LQ 360p,Bamboo Blade,26,0,0,3103113871,1,Bamboo Blade,,,,2013-02-01,Fall,2007,10,40,46,,,HD 720p,1,0,0,0,0
284,0,HD 720p,Ben-To,12,0,0,7602092114,1,Ben-To,,,,2013-04-19,Fall,2011,4,47,39,,,,1,0,0,0,0
285,0,HD 720p,Binbougami ga!,13,0,0,11252814316,1,Binbougami ga!,,,,2013-06-05,Summer,2012,5,9,33,,,,1,0,0,0,0
286,0,LQ 360p,Black Rock Shooter,8,0,0,1018639155,1,Black Rock Shooter,,,,2012-07-19,Winter,2012,3,55,40,,,,1,0,0,0,0
287,0,HQ 480p,Bleach,360,0,0,66035122176,1,Bleach,,,Bleach Movies,2016-02-15,,,146,35,22,"Lunar, DB, SGKK",,,1,0,0,0,0
288,0,HD 720p,Bleach Movies,4,0,0,3317862236,0,Bleach Movies,Bleach,,,2012-12-05,Winter,2006,6,13,33,,,,1,0,0,0,0
289,0,FHD 1080p,Boku wa Tomodachi ga Sukunai,12,1,0,20240033382,1,Boku wa Tomodachi ga Sukunai,,Boku wa Tomodachi ga Sukunai NEXT,,2014-11-13,Fall,2011,5,19,14,Coalgirls,Haganai,,1,0,0,0,0
290,0,HD 720p,Boku wa Tomodachi ga Sukunai NEXT,12,0,0,3146063544,2,Boku wa Tomodachi ga Sukunai NEXT,Boku wa Tomodachi ga Sukunai,,,2014-12-21,Winter,2013,4,50,4,Mazui,Haganai NEXT,,1,0,0,0,0
291,0,LQ 360p,Bokusatsu Tenshi Dokuro-chan,0,4,0,330804756,1,Bokusatsu Tenshi Dokuro-chan,,,,2012-06-25,Spring,2005,1,45,32,,,,1,0,0,0,0
292,0,HD 720p,C³ - CubexCursedxCurious,12,1,0,4391604060,1,C³ - CubexCursedxCurious,,,,2012-12-24,Fall,2011,4,55,25,,,,1,0,0,0,0
293,0,HD 720p,Campione!,13,0,0,4413078897,1,Campione!,,,,2012-12-16,Summer,2012,5,7,54,,Campione,,1,0,0,0,0
294,0,LQ 360p,Card Captor Sakura,70,0,0,4724464026,1,Card Captor Sakura,,,,2012-04-02,Spring,1998,29,22,28,,,,1,0,0,0,0
295,0,HD 720p,Charlotte,13,0,0,4080218931,1,Charlotte,,,,2015-11-17,,,5,12,1,HorribleSubs,,,1,0,0,0,0
296,0,HD 720p,Chihayafuru,25,0,0,12412455485,1,Chihayafuru,,Chihayafuru 2,,2014-05-20,Fall,2011,9,25,7,,,,1,0,0,0,0
297,0,HD 720p,Chihayafuru 2,25,0,0,6796785746,2,Chihayafuru 2,Chihayafuru,,,2014-02-09,,,9,31,43,,,,1,0,0,0,0
298,0,HQ 480p,Chobits,12,0,0,6356551598,1,Chobits,,,,2012-09-21,Spring,2002,11,5,38,,,,1,0,0,0,0
299,0,LQ 360p,Chu Bra!!,12,0,0,1471026299,1,Chu Bra!!,,,,2012-04-27,Winter,2009,,,,,,,1,0,0,0,0
300,0,FHD 1080p,Chuunibyou demo Koi ga Shitai!,12,1,8,17931488461,1,Chuunibyou demo Koi ga Shitai!,,,,2014-10-24,Fall,2012,5,53,50,Final8,"Chu2Koi, ChuNiKoi",,1,0,0,0,0
301,0,FHD 1080p,Chuunibyou demo Koi ga Shitai! Ren,12,0,0,6796785746,2,Chuunibyou demo Koi ga Shitai! Ren,,,,2014-05-17,Winter,2014,4,43,24,HorribleSubs,"Chu2Koi Ren, ChuNiKoi Ren",,1,0,0,0,0
302,0,FHD 1080p,Clannad,23,1,0,22806276342,1,Clannad,,Clannad Afterstory,,2015-04-03,Fall,2007,8,33,21,"MII, SS-Eclipse, THORA",,,1,0,0,0,0
303,0,FHD 1080p,Clannad Afterstory,23,1,0,24191403295,2,Clannad Afterstory,Clannad,,,2015-04-25,Fall,2008,9,39,44,Doki,,,1,0,0,0,0
304,0,LQ 360p,Claymore,26,0,0,1428076626,1,Claymore,,,,2012-12-15,Spring,2007,,,,,,,1,0,0,0,0
305,0,LQ 360p,Code Geass - Lelouch of Rebellion,25,0,0,1428076626,1,Code Geass - Lelouch of Rebellion,,Code Geass - Lelouch of Rebellion R2,,2012-11-13,Fall,2006,8,51,42,,,FHD 1080p,1,0,0,0,0
306,0,LQ 360p,Code Geass - Lelouch of Rebellion R2,25,0,0,1675037245,2,Code Geass - Lelouch of Rebellion R2,Code Geass - Lelouch of Rebellion,,,2012-11-22,Spring,2008,10,3,18,,,FHD 1080p,1,0,0,0,0
307,0,HD 720p,Cross Ange - Tenshi to Ryuu no Rondo,25,0,0,11854109737,1,Cross Ange - Tenshi to Ryuu no Rondo,,,,2015-08-16,Fall,2014,9,52,31,Commie,,,1,0,0,0,0
308,0,HD 720p,"Dakara Boku wa, H ga Dekinai",12,0,1,6388763853,1,"Dakara Boku wa, H ga Dekinai",,,,2014-05-31,Summer,2012,5,6,12,,,,1,0,0,0,0
309,0,HD 720p,Danganronpa The Animation,13,0,0,6657199309,1,Danganronpa The Animation,,,,2016-01-25,Summer,2013,5,16,35,,,,1,0,0,0,0
310,0,HD 720p,Danshi Koukousei no Nichijou,12,0,7,6796785746,1,Danshi Koukousei no Nichijou,,,,2013-04-29,Winter,2012,5,8,43,,,,1,0,0,0,0
311,0,HD 720p,Dantalian no Shoka,12,0,0,15784004813,1,Dantalian no Shoka,,,,2013-08-21,Summer,2011,4,51,58,,,,1,0,0,0,0
312,0,FHD 1080p,DATE A LIVE,12,1,0,23203560817,1,DATE A LIVE,,,,2015-04-11,Spring,2013,5,16,3,FFF,,,1,0,0,0,0
313,0,LQ 360p,DearS,13,0,0,878224343,1,DearS,,,,2012-04-16,Summer,2004,5,10,29,,,,1,0,0,0,0
314,0,LQ 360p,Death Note,37,0,0,1632087572,1,Death Note,,,,2013-05-29,Fall,2006,14,4,10,,,FHD 1080p,1,0,0,0,0
315,0,HD 720p,Death Parade,12,0,0,4617089843,1,Death Parade,,,,2015-09-13,,,4,36,48,FFF,,,1,0,0,0,0
316,0,HD 720p,Denpa Onna to Seishun Otoko,13,0,0,3833258312,1,Denpa Onna to Seishun Otoko,,,,2014-05-29,Spring,2011,5,19,46,,,,1,0,0,0,0
317,0,LQ 360p,Dog Days,13,0,0,872320860,1,Dog Days,,Dog Days',,2012-05-25,Spring,2011,5,11,57,,,FHD 1080p,1,0,0,0,0
318,0,FHD 1080p,Dog Days',13,0,0,25297357373,2,Dog Days',Dog Days,,,2016-04-30,Summer,2012,5,8,20,FFF,Dog Days Dash,,1,0,0,0,0
319,0,LQ 360p,Dragon Crisis!,12,0,0,640386335,1,Dragon Crisis!,,,,2012-05-25,Winter,2011,4,44,0,,,HD 720p,1,0,0,0,0
320,0,FHD 1080p,Dungeon ni Deai wo Motomeru no wa Machigatteiru Darou ka,13,0,0,17888538788,1,Dungeon ni Deai wo Motomeru no wa Machigatteiru Darou ka,,,,2016-06-25,Spring,2015,5,7,50,FFF,DanMachi,,1,0,0,0,0
321,0,FHD 1080p,Eden of the East,11,0,0,9438190633,1,Eden of the East,,,,2014-12-22,,,3,38,24,Coalgirls,,,1,0,0,0,0
322,0,HQ 480p,Fairy Tail,175,0,0,13561359237,1,Fairy Tail,,,,2013-04-21,Fall,2009,71,11,10,,,,1,0,0,0,0
323,0,HD 720p,Fantasista Doll,12,0,0,4058744095,1,Fantasista Doll,,,,2015-01-04,Summer,2013,4,46,11,HorribleSubs,,,1,0,0,0,0
324,0,LQ 360p,Fight Ippatsu! Juuden-Chan!!,12,0,0,640858194,1,Fight Ippatsu! Juuden-Chan!!,,,,2012-05-25,Summer,2009,4,57,7,,,HQ 480p,1,0,0,0,0
325,0,HD 720p,Fortune Arterial,12,0,0,4380866642,1,Fortune Arterial,,,,2013-12-25,Fall,2010,5,4,43,,,,1,0,0,0,0
326,0,HQ 480p,Fruits Basket,26,0,0,6184752906,1,Fruits Basket,,,,2013-02-14,Summer,2001,10,21,49,,,,1,0,0,0,0
327,0,HQ 480p,Full Metal Alchemist,51,0,0,9191230013,1,Full Metal Alchemist,,,,2015-01-04,,,19,19,13,,,,1,0,0,0,0
328,0,HD 720p,Futsuu no Joshikousei ga [Locodol] Yatte Mita,13,0,0,8461085573,1,Futsuu no Joshikousei ga [Locodol] Yatte Mita,,,,2014-12-28,Summer,2014,5,14,54,FFF,Locodol,BD,1,0,0,0,0
329,0,HD 720p,Gakuen Moshiroku,12,0,0,7301444403,1,Gakuen Moshiroku,,,,2014-04-01,,,4,44,6,,"HOTD, High School of The Dead",,1,0,0,0,0
330,0,HD 720p,Galilei Donna ,11,0,0,2695091978,1,Galilei Donna ,,,,2016-01-01,Fall,2013,04,12,18,Commie,,,1,0,0,0,0
331,0,HD 720p,Gekkan Shoujo Nozaki-kun,12,0,0,4101693768,1,Gekkan Shoujo Nozaki-kun,,,,2014-12-28,Summer,2014,04,47,10,HorribleSubs,,BD,1,0,0,0,0
332,0,LQ 360p,Gift - Eternal Rainbow,12,0,0,559572582,1,Gift - Eternal Rainbow,,,,2012-04-18,Fall,2006,04,01,31,,,HD 720p,1,0,0,0,0
333,0,HQ 480p,Girls Bravo,11,0,0,3489660928,1,Girls Bravo,,Girls Bravo second season,,2015-05-12,,,04,18,58,Exiled-Destiny,,,1,0,0,0,0
334,0,HQ 480p,Girls Bravo second season,13,0,0,2909840343,2,Girls Bravo second season,Girls Bravo,,,2015-05-24,,,05,06,45,Exiled-Destiny,,,1,0,0,0,0
335,0,HD 720p,Girls und Panzer,12,0,2,9567039652,1,Girls und Panzer,,,,2013-08-23,Fall,2012,05,38,25,,,,1,0,0,0,0
336,0,FHD 1080p,Gochuumon wa Usagi Desu ka,12,0,0,11188389806,1,Gochuumon wa Usagi Desu ka,,,,2016-02-12,Spring,2014,04,44,06,Coalgirls,,,1,0,0,0,0
337,0,HQ 480p,Gokujou Seitokai,26,0,0,4864050463,1,Gokujou Seitokai,,,,2013-05-29,Spring,2005,10,28,29,,,,1,0,0,0,0
338,0,FHD 1080p,Gokukoku no Brynhildr,13,1,0,16707422781,1,Gokukoku no Brynhildr,,,,2016-04-26,Spring,2014,05,35,15,BlurayDesuYo,,,1,0,0,0,0
339,0,FHD 1080p,Golden Time,24,0,0,25973814723,1,Golden Time,,,,2016-04-24,Fall,2013,09,28,00,FFF,,,1,0,0,0,0
340,0,HD 720p,Goshushou-sama Ninomiya-kun,12,0,0,16524886671,1,Goshushou-sama Ninomiya-kun,,,,2014-06-02,Fall,2007,04,53,14,,,,1,0,0,0,0
341,0,HD 720p,Gosick,24,0,0,10275709256,1,Gosick,,,,2013-06-14,Winter,2010,09,43,44,Victorique,,,1,0,0,0,0
342,0,FHD 1080p,Grisaia no Kajitsu,13,0,6,7677254042,1,Grisaia no Kajitsu,,Grisaia no Meikyuu (Season 2),,2016-05-14,,,05,27,10,Chihiro,,,1,0,0,0,0
343,0,FHD 1080p,Grisaia no Meikyuu (Season 2),1,0,1,983113400,2,Grisaia no Meikyuu (Season 2),Grisaia no Kajitsu,,,2016-05-15,,,00,51,07,Coalgirls-Chihiro,,,1,0,0,0,0
344,0,HD 720p,Gugure! Kokkuri-san,12,0,0,4187593114,1,Gugure! Kokkuri-san,,,,2016-03-20,Fall,2014,04,53,15,HorribleSubs,,Not Hsubs,1,0,0,0,0
345,0,HD 720p,Guilty Crown,22,1,0,7634304369,1,Guilty Crown,,,,2015-01-29,Fall,2011,08,45,49,Commie,,,1,0,0,0,0
346,0,LQ 360p,H2O - Footprints in the Sand,12,0,0,637932667,1,H2O - Footprints in the Sand,,,,2012-05-02,Winter,2008,04,52,56,,,,1,0,0,0,0
347,0,HD 720p,Hagure Yuusha no Estetica,12,0,0,3403761582,1,Hagure Yuusha no Estetica,,,,2013-06-15,Summer,2012,04,47,17,,,,1,0,0,0,0
348,0,HD 720p,Haiyore! Nyaruko-san,12,0,0,11693048463,1,Haiyore! Nyaruko-san,,Haiyore! Nyaruko-san W,,2014-01-25,Spring,2012,04,47,34,,,,1,0,0,0,0
349,0,HD 720p,Haiyore! Nyaruko-san W,12,0,0,13325136036,2,Haiyore! Nyaruko-san W,Haiyore! Nyaruko-san,,,2014-06-02,Spring,2013,04,52,40,,,,1,0,0,0,0
350,0,HD 720p,Hanasaku Iroha,26,0,0,17577153659,1,Hanasaku Iroha,,,,2013-07-28,Spring,2011,10,16,43,,,,1,0,0,0,0
351,0,LQ 360p,Happiness!,12,0,0,791024763,1,Happiness!,,,,2012-04-03,Fall,2006,04,34,55,,,,1,0,0,0,0
352,0,LQ 360p,Happy Lesson,13,0,1,836165960,1,Happy Lesson,,,,2013-02-09,Summer,2001,05,46,27,,,HD 720p,1,0,0,0,0
353,0,HD 720p,Harmonie,1,0,0,1031295468,1,Harmonie,,,,2015-03-21,Spring,2014,00,25,37,Watashi,,,1,0,0,0,0
354,0,HD 720p,Hataraku Maou-sama!,13,0,0,3736621548,1,Hataraku Maou-sama!,,,,2015-02-10,Spring,2013,05,07,44,Commie,,BD,1,0,0,0,0
355,0,LQ 360p,Hatsukoi Limited,12,0,6,500464353,1,Hatsukoi Limited,,,,2013-04-04,Spring,2009,04,44,16,,,HQ 480p,1,0,0,0,0
356,0,HD 720p,Hayate no Gotoku!,52,0,0,13926431457,1,Hayate no Gotoku!,,Hayate no Gotoku!! Second Season,Hayate no Gotoku! Heaven is a Place on Earth (Movie),2013-05-02,Spring,2007,21,26,05,,,,1,0,0,0,0
357,0,HD 720p,Hayate no Gotoku! Can't Take My Eyes Off You (Season 3),12,0,0,4048006676,3,Hayate no Gotoku! Can't Take My Eyes Off You (Season 3),Hayate no Gotoku!! Second Season,Hayate no Gotoku! Cuties (Season 4),,2013-03-30,Fall,2012,04,43,56,,,,1,0,0,0,0
358,0,HD 720p,Hayate no Gotoku! Cuties (Season 4),12,0,0,4166118277,4,Hayate no Gotoku! Cuties (Season 4),Hayate no Gotoku! Can't Take My Eyes Off You (Season 3),,,2014-05-24,Spring,2013,04,52,19,,,,1,0,0,0,0
359,0,HD 720p,Hayate no Gotoku! Heaven is a Place on Earth (Movie),1,0,0,1943472701,0,Hayate no Gotoku! Heaven is a Place on Earth (Movie),Hayate no Gotoku!,,,2012-11-08,Summer,2011,01,09,53,,,,1,0,0,0,0
360,0,HD 720p,Hayate no Gotoku!! Second Season,25,1,0,9266391941,2,Hayate no Gotoku!! Second Season,Hayate no Gotoku!,Hayate no Gotoku! Can't Take My Eyes Off You (Season 3),,2013-05-05,Spring,2009,10,41,17,,,,1,0,0,0,0
361,0,LQ 360p,He is My Master,12,0,0,653598392,1,He is My Master,,,,2012-04-27,,,04,51,37,,,HQ 480p,1,0,0,0,0
362,0,FHD 1080p,Hentai Ouji to Warawanai Neko,12,0,0,11725260718,1,Hentai Ouji to Warawanai Neko,,,,2015-02-24,Spring,2013,04,45,47,AnimeNOW,Henneko,,1,0,0,0,0
363,0,HQ 480p,Hidamari Sketch,12,0,2,2931315180,1,Hidamari Sketch,,Hidamari Sketch x365 (Season 2),,2013-11-09,Winter,2007,05,38,00,,,,1,0,0,0,0
364,0,HQ 480p,Hidamari Sketch x365 (Season 2),16,0,1,3435973837,2,Hidamari Sketch x365 (Season 2),Hidamari Sketch,,,2014-04-05,Summer,2008,05,49,42,,,,1,0,0,0,0
365,0,HD 720p,Hidan no Aria,13,0,0,14023068221,1,Hidan no Aria,,,,2013-04-07,,,04,34,10,,,,1,0,0,0,0
366,0,FHD 1080p,Highschool DxD,12,2,6,13743895347,1,Highschool DxD,,,,2015-02-25,Winter,2012,05,53,42,FFF,,,1,0,0,0,0
367,0,HD 720p,Himegoto,13,0,0,945951867,1,Himegoto,,,,2015-04-10,Summer,2014,00,51,59,FFF,,,1,0,0,0,0
368,0,HD 720p,Hitsugi no Chaika,12,0,0,3425236419,1,Hitsugi no Chaika,,,,2015-04-10,Spring,2014,04,44,16,FFF,,,1,0,0,0,0
369,0,LQ 360p,Hoshizora E Kakaru Hashi,12,0,0,1148903752,1,Hoshizora E Kakaru Hashi,,,,2012-06-04,Spring,2011,04,58,02,,,,1,0,0,0,0
370,0,HD 720p,Hotarubi no Mori e,1,0,0,378043105,1,Hotarubi no Mori e,,,,2015-03-21,,,00,44,59,Commie,To the Forest of Firefly Lights,,1,0,0,0,0
371,0,HD 720p,Hyouka,22,0,1,6818260582,1,Hyouka,,,,2012-07-19,Spring,2012,,,,Mazui,,,1,0,0,0,0
372,0,LQ 360p,Ichigo 100%,12,0,0,776250327,1,Ichigo 100%,,,,2012-04-09,,,,,,,,,1,0,0,0,0
373,0,LQ 360p,Ikoku Meiro no Croisee,12,0,1,632375214,1,Ikoku Meiro no Croisee,,,,2013-01-21,Summer,2011,,,,,,,1,0,0,0,0
374,0,HD 720p,Infinite Stratos,12,0,0,8375186227,1,Infinite Stratos,,,,2013-04-06,Winter,2011,04,49,44,,,,1,0,0,0,0
375,0,HD 720p,Inu x Boku SS,12,0,0,8332236554,1,Inu x Boku SS,,,,2013-09-21,Winter,2012,04,48,09,,InuBoku,,1,0,0,0,0
376,0,LQ 360p,InuYasha,167,0,0,10071698309,1,InuYasha,,,,2013-05-08,,,67,26,56,,,,1,0,0,0,0
377,0,HD 720p,Isshuukan Friends,12,0,0,8557722337,1,Isshuukan Friends,,,,2014-09-12,Spring,2014,04,43,43,Vivid,,,1,0,0,0,0
378,0,LQ 360p,Itsuka Tenma no Kuro Usagi,12,0,0,832537887,1,Itsuka Tenma no Kuro Usagi,,,,2013-06-22,Summer,2011,04,57,08,,,HD 720p,1,0,0,0,0
379,0,HD 720p,Ixion Saga DT,25,0,0,8300024300,1,Ixion Saga DT,,,,2014-06-04,Winter,2012,10,20,16,,,,1,0,0,0,0
